4796c9f6e6bd9e6e,https://lh5.googleusercontent.com/-83HZOkH-tqw/SrfOxOQ5HWI/AAAAAAAAA8w/5S207tyGAaQ/s1600/,12503
3b4b64c383f47eda,http://lh6.ggpht.com/-bbTq-i0MPSY/SPb1iwG84TI/AAAAAAAAD9g/wgPOB4cqyQ4/s1600/,12503
1a399b47ea95963e,https://lh5.googleusercontent.com/-Qepop9LaUVE/R0fZmmPbvvI/AAAAAAAADxs/PkC3xew-tm0/rj/,12503
d86c0d96ab85dcd3,https://lh4.googleusercontent.com/-XR73Tnhp3Dc/UYfIibFnHGI/AAAAAAAAAb8/2G25pfdSNaA/s1600/,12503
61702303e62b217f,https://lh5.googleusercontent.com/-adH9naX-RWA/S69iiLCdJTI/AAAAAAAAJQw/Ios2sggtH4A/s1600/,12503
fee075818c2d1a24,https://lh5.googleusercontent.com/-_9XhjIXqWd4/R0JZkmUofmI/AAAAAAAAD7Y/2G6EdVEZacc/s1600/,12503
4aa8237b6e9ea55c,https://lh3.googleusercontent.com/-zIIX2iYfgpI/UxSypSSpkrI/AAAAAAAAAc0/jbt3XIcxJ_Y/s1600/,12503
83d637642bfc9fe3,https://lh3.googleusercontent.com/-AbQdYLzEGbY/TnpvSDoQlLI/AAAAAAAAARQ/iWaK3T7I08E/s150-c/,12503
2640a45df18be779,https://lh4.googleusercontent.com/-8qC2Sa56R4c/UIQ_1HTXBcI/AAAAAAAALsI/FjkARUFlgs8/s1600/,12503
c7796b0a4486223e,https://lh3.googleusercontent.com/-uOtHYY-cf-4/SlTHLj0goyI/AAAAAAAAJTM/tqcjpaSJa1Q/s1600/,12503
1078d33198111d13,https://lh5.googleusercontent.com/-g8Bf2L_-ieg/RU65MMjuABI/AAAAAAAAAEU/BNv85LJPxjI/s128/,12503
8677cc137d504dee,http://lh4.ggpht.com/-XCrBQnLUwSk/R33nY51TS6I/AAAAAAAACBY/G-kTD6v7zxY/s1600/,12503
e995193ddb357952,http://lh5.ggpht.com/-JYAM1By-Bzo/TQumLfccXuI/AAAAAAAAhZQ/ycTeIeFJdA0/s1600/,12503
1f4503098f89b792,https://lh5.googleusercontent.com/-TvShYYdmsJE/SNPuNU04QMI/AAAAAAABC_A/f0ZqwB1T5Es/s1600/,12503
6d10bfc9e4ae512c,https://lh4.googleusercontent.com/-Y7cc-NCoGPg/Ui6xzHmhveI/AAAAAAAADWo/t6_eRXOJNRg/s1600/,12503
b05d506974a39519,https://lh6.googleusercontent.com/-gbIY0dV82II/Rxq-EAGf6jI/AAAAAAAAA7Q/B7jsHo8NcC8/s1600/,12503
a7082965bffd00b2,http://lh4.ggpht.com/-WYqb_iOOF4g/SkqQySn0u0I/AAAAAAAAB00/O10FdsmGHtg/s1600/,12503
74b6c3ae3ec2ec8c,https://lh6.googleusercontent.com/-YQJpRljuR6k/UP8hWQ3RWiI/AAAAAAAAARU/f3Y60XGXXnI/s1600/,12503
4f365d877bd01d7e,https://lh6.googleusercontent.com/-AsDQee0zWrE/RyzV_Cj1WrI/AAAAAAAAAZc/U_utMY9N0ik/s1600/,12503
61893029f64d20e0,http://lh3.ggpht.com/-nYD-UsrOVrU/RwkhVoFLhQI/AAAAAAAAAMA/-rIAcW26tiA/s1600/,12503
ea6d7308ca8996ea,http://lh4.ggpht.com/-6nVSM3kiG-M/TnuQBEI8AII/AAAAAAAABIc/lw_ScOGJhx4/s1600/,12503
24dcb9e8ed25ee90,https://lh3.googleusercontent.com/-OxVeqVkPIqI/SuVl9RV4XNI/AAAAAAAAEb4/WGlcfewv0M4/s1600/,12503
3d5030dd4b02d646,https://lh4.googleusercontent.com/-1j8ir7XVK3o/T6yOIvOZLoI/AAAAAAAAACk/AeC1w-n_t3I/s1600/,12503
e656a963db2d1abb,http://lh5.ggpht.com/-bPhNP1HrhQ0/SPDMoOtEVhI/AAAAAAAABPI/6WTbWzuAmN4/s1600/,12503
58b1b8582a61a447,http://lh3.ggpht.com/-zB0PRdx3jAo/RwkhJoFLhKI/AAAAAAAAALM/9eCY1cwyY34/s1600/,12503
7ecfb0231dfcf095,https://lh5.googleusercontent.com/-Uib_YBA2Kaw/Rpv4EldTYzI/AAAAAAAAADo/J5a3d4RqSJM/s1600/,12503
bbfd8f3718fde053,https://lh6.googleusercontent.com/-n1irvYH2AGA/UlsHWaWF5VI/AAAAAAAARec/Jux7DAu_vqo/s1600/,12503
63ad9ca7d26e9098,http://lh6.ggpht.com/-IoBnp7QConA/SzrodYOmnvI/AAAAAAAAFXY/abs-pLj4HzY/s1600/,12503
c364c935a091d095,http://lh5.ggpht.com/-LeOW_X4gppI/RU659_MbABI/AAAAAAAAAHE/sjf6a459eIA/s1600/,12503
67841a368d37e244,https://lh6.googleusercontent.com/-EhpL-2Gf9Ic/UrjAev_DDbI/AAAAAAAAl8U/UooFV9drsqg/s1600/,12503
26f8ca3db23dd764,https://lh5.googleusercontent.com/-w5NZpPkogh8/SpEVKFXPYGI/AAAAAAAAKYo/K_Ly9_PNC50/rj/,12503
c6c282ecbb5f3e41,https://lh5.googleusercontent.com/-rSvLioj11NA/SOBNb7XBzEI/AAAAAAAAB_0/NgLhFn-wCL0/rj/,12503
856353d6b29481e5,http://lh3.ggpht.com/-hkQV3-oV19c/Rn3HEim_UCI/AAAAAAAAAeo/HEl6zlWz82A/s1600/,12503
333106e6e79ee036,http://mw2.google.com/mw-panoramio/photos/medium/1846354.jpg,12503
889057d7064b0c44,https://lh6.googleusercontent.com/-xCGXaMsqYXs/SrfoyBKm-oI/AAAAAAAACTo/_Nl0RZKl0Os/s1600/,12503
08281b8c648df689,https://lh3.googleusercontent.com/-2UxIr5SSQiY/UEg9wNI2ooI/AAAAAAAARGQ/fMq8-NhZuok/s1600/,12503
ff8d572b642a5b9a,http://lh4.ggpht.com/-deVFvqBx_Zg/SNK2Sn_rakI/AAAAAAAADsA/Hs_kM87wfx8/s1600/,12503
95d058fd08a8cdce,http://lh3.ggpht.com/-g8TlOpivUpQ/TzremDegSxI/AAAAAAAAZDY/bf0sK95CbAg/s1600/,12503
7a6cb88063c95896,http://lh4.ggpht.com/-Rs1bQlmH9ZQ/Ssltjo0M7WI/AAAAAAAABv0/ad-Dsk61DwU/s1600/,12503
04494a83e6a49cf6,https://lh4.googleusercontent.com/-svgzFUMs0VU/Sy2CnLPqSzI/AAAAAAAAAqs/OeW_ixK63GA/s1600/,12503
de94efe1acc49ce9,http://lh4.ggpht.com/-PsyMGbfKhfI/RyY8UgArDUI/AAAAAAAAAwM/XlGBX4ygins/s1600/,12503
2e9f6c6121882bb3,http://lh4.ggpht.com/-uqrOBNaH85s/StVnhIRmURI/AAAAAAAAGaQ/QLgXGrGCNr8/s1600/,12503
b48065cd0eb2cee7,https://lh3.googleusercontent.com/-SQPtpPKoNgU/SBc1InlZGtI/AAAAAAAAKMc/fU9vW7wMbJg/s1600/,12503
e81e8c028ef60e62,https://lh6.googleusercontent.com/-oW19NcYdAoo/RomGZnvKf4I/AAAAAAAAC1g/U01mIRMRDnk/rj/,12503
39e74c09ccdc14a3,https://lh6.googleusercontent.com/-2BpliF8YEbo/R3Ra-nIzxPI/AAAAAAAABvs/7AvPupnOJgo/rj/,12503
3b62517cc37f4681,http://lh6.ggpht.com/-jSA2UBhev4c/Sslm5wim9pE/AAAAAAAABCw/fIIrPEvCJBw/s144-c/,12503
f753ea8a6dcdce7f,https://lh4.googleusercontent.com/-m9q5Eu_hBMg/S9YZOy-uRwI/AAAAAAAAE7o/zB42GJmTows/s1600/,12503
5095358dd44aeaa2,http://lh3.ggpht.com/-7l7lQ2WDMFw/Se__1Iev3dI/AAAAAAAAA2Q/aWJ2FiULrEo/s1600/,12503
68abff428c31187a,https://lh6.googleusercontent.com/-5RseLXkijDY/Ui6x-0mEfTI/AAAAAAAADXI/SSRo5keJTbw/s1600/,12503
03a02113f35a28f7,https://lh4.googleusercontent.com/-yjVjzynhdLA/San64i8wI1I/AAAAAAAAAfo/T4zjwTGcuOo/s1600/,12503
d68e5c6289a0f747,https://lh6.googleusercontent.com/-7dXkwDrMbFw/S0GErTgPE_I/AAAAAAAAHxo/xdzMLLyW0SU/s1600/,12503
2e477564fb08d223,http://lh4.ggpht.com/-JfPcbv66hMQ/S8DUod_qC9I/AAAAAAAAAi0/gV2Kg8-3xog/s1600/,12503
4507b17c79207b52,https://lh3.googleusercontent.com/-A9QHjuHsfRg/SUmbXTucAEI/AAAAAAAABCE/GP_82RN6y0Y/s1600/,12503
a39085d1a050ff31,http://mw2.google.com/mw-panoramio/photos/medium/21068795.jpg,12503
4536d6b3df5a11b1,https://lh6.googleusercontent.com/-rkbM4C44JdU/UsuGoUyBY8I/AAAAAAAABik/Vzq78G9RXqk/s0-d/,12503
dbc37b582221847e,https://lh3.googleusercontent.com/-w_HFAoAYETk/UjDqSXO5LUI/AAAAAAAAH-Y/JVPbFnGXrP4/s1600/,12503
eb656cdf7d273961,http://lh3.ggpht.com/-5WU3bR2AR8c/RvbR31h99eI/AAAAAAAAAEU/59lPxBDQkD4/s1600/,12503
6e7e26caa181b551,http://lh3.ggpht.com/-Db18vTkgE5Q/SVhKXRpNJKI/AAAAAAAAGGA/6ZbArUx1PbQ/s1600/,12503
d1e33e74bf86f606,https://lh5.googleusercontent.com/-sV85tVSVTxU/UJyXF4I9EgI/AAAAAAAAABU/Y1jg1OzJx5A/s1600/,12503
9720c49523c36659,https://lh6.googleusercontent.com/-CHqNFR4G-k8/UxSypfgALBI/AAAAAAAAAdA/1d-OpubhssQ/s141-p/,12503
7383e739d01bfd54,http://lh3.ggpht.com/-h2rYBWHrIjs/SydCrPyrfUI/AAAAAAAAAD0/pUJ09HqATjA/s1600/,12503
20b09d499b10774a,http://lh5.ggpht.com/-jtr0kVsXApo/SL9UOJZRdcI/AAAAAAAADe0/HbMyfIyN4t0/s1600/,12503
a2042c9940879654,http://lh6.ggpht.com/-EyOQzOOx_A0/S0DFMp8HRhI/AAAAAAAAH9Q/fg-__d9yBMI/s1600/,12503
1519d14e2858ff95,http://lh6.ggpht.com/-JgX_CROPl18/SQkZj2ylzcI/AAAAAAAABYY/I4EGBMTAzkk/s1600/,12503
576c1c681222875a,https://lh3.googleusercontent.com/-oucRn1JQf7c/UrU4w9d-aKI/AAAAAAAADGQ/_nqlv8C9BPA/s1600/,12503
7e936025fdbe6d4b,http://lh6.ggpht.com/-iz-CeI8K9ds/SMYCtSrKm7I/AAAAAAAAAvI/yVvp2HnQ658/s1600/,12503
362ddb2c4b6db68c,https://lh3.googleusercontent.com/-RXerdA0CTaA/UWoCyN6kWmI/AAAAAAAAyfs/L_9hKe0RlTQ/s1600/,12503
ef68b0f1da4627bb,https://lh6.googleusercontent.com/-o59M0zlLKyA/UkRa-OeN3nI/AAAAAAAAJIo/NPXQArQYEN8/s1600/,12503
b95b78dec21cb8d7,http://lh3.ggpht.com/-gJSLcQhPUpo/SQkc_P-RzXI/AAAAAAAABfQ/H1SBrUsbZZ4/s1600/,12503
56bf5b47cee94275,http://lh6.ggpht.com/-oLmVpGkeXj4/SsWMkSh37FI/AAAAAAAAAbo/4LQM2ashQu4/s1600/,12503
31cf9759c87629dd,http://lh3.ggpht.com/-VBSFpN5PNvw/SsFryqsreGI/AAAAAAAACe4/Sqmbpw033k4/s1600/,12503
a98dd193edee4f36,https://lh3.googleusercontent.com/-sJJjauib6d4/UHBcR0VHsDI/AAAAAAAAUss/1FCAKOZ1nGk/s1600/,12503
896be5bdafb465a2,https://lh3.googleusercontent.com/-CWEIzTcnd8g/SMcdRad2fyI/AAAAAAAACLo/RIsWw3EeAiQ/s1600/,12503
a82ef6182c1afce6,https://lh6.googleusercontent.com/-20_XyzIZgMk/SPVb6Fzc99I/AAAAAAAAAdU/diRLDiwRWKI/s1600/,12503
6e34d329cfad3885,https://lh3.googleusercontent.com/-iCsioTBJ6do/UPJPfs4ytqI/AAAAAAAAox8/1uWZaLPmBwM/s1600/,12503
ae7302a9ce6f6b6b,http://lh4.ggpht.com/-x1PIVKqnngw/TAsKnwldSLI/AAAAAAAAIkk/60O_2muOArc/rj/,12503
e1159a42a7fc9de2,http://mw2.google.com/mw-panoramio/photos/medium/105159943.jpg,12503
157cf0d56517240b,https://lh4.googleusercontent.com/-pVcVca_rdpk/UnccGtL2_YI/AAAAAAAADyA/-J9FgXskpZM/s1600/,12503
c2cc91a5b3b2c826,http://mw2.google.com/mw-panoramio/photos/medium/21068979.jpg,12503
6b2b9064354f085a,https://lh3.googleusercontent.com/-_7NJky4jEuE/TMDPdEiiLCI/AAAAAAAACk4/ZwFjoNNKsOs/s1600/,12503
ee0389e477d9b156,http://lh4.ggpht.com/-gbdhR6HoPMo/SOmThWwBGMI/AAAAAAAACvk/kHgWzSwruRw/s1600/,12503
d5c1d4e6cd9381de,https://lh6.googleusercontent.com/-ObEVW5u5244/Ul1duWGzD9I/AAAAAAAAASQ/-KWiI6a8GPs/s1600/,12503
ff251ab74653d626,https://lh4.googleusercontent.com/-zDFMcrHGCGs/SOrnldlUeDI/AAAAAAAAAXA/xg08dgZimy8/s1600/,12503
508b12c13b868e9e,https://lh6.googleusercontent.com/-i2ItEX7OC6g/TqnLH4pBP3I/AAAAAAAAL14/kHQIo-CmXBw/s288/,12503
0b3d45a620d82afa,https://lh6.googleusercontent.com/-4tdRd8M8-xQ/TlFLlKokKtI/AAAAAAAAJvw/jTzfofBRTGM/s1600/,12503
a48fbf95f07d3178,https://lh3.googleusercontent.com/-xshRLuZtxZg/RnxjPL3yZgI/AAAAAAAAA1E/WIIREbWmi6g/s1600/,12503
3870c537e36ed9f5,http://lh5.ggpht.com/-TVNatpdRQsU/SQUer1AEiXI/AAAAAAAAC6w/TlfkFB9pWMU/s1600/,12503
3dc7806793b6c540,https://lh4.googleusercontent.com/-woJpboNOygM/UkPJGPuouqI/AAAAAAAAKKs/J5XnzPmMH40/s1600/,12503
034d4427b13ad602,http://lh6.ggpht.com/-TKXYMzMlwJM/TWPdtw9nD5I/AAAAAAAAB9A/OpBArRjVZRg/s1600/,12503
8c0ed7620030684d,https://lh3.googleusercontent.com/-6ZE4cjxZHMQ/Up_3QaxqYhI/AAAAAAAAAek/jt2kK6rKvaw/s1600/,12503
6a6310c13248c832,https://lh4.googleusercontent.com/-Xt51Koa1Z3I/SsWL3Jhe1eI/AAAAAAAAACc/F7RO7U8tIlw/rj/,12503
729828b27437bf7c,https://lh5.googleusercontent.com/-7M60-VOIksA/SMXaI130kVI/AAAAAAAAA_A/AqQ6OtgDtiA/s1600/,12503
7d81ff496b9d81d3,http://lh4.ggpht.com/-bhSHIBE1KFo/R4mm7Tvh6XI/AAAAAAAAAEE/yfSgwmrIpis/s1600/,12503
840ede3d8f2aa8c4,https://lh4.googleusercontent.com/-STGKYx21A1Q/SvSLvQ6K2PI/AAAAAAAAAFQ/r3H3ePO7iDY/s1600/,12503
b73b304daaf0955d,http://lh4.ggpht.com/-U12vgs7SAb0/StLo0IR5OiI/AAAAAAAAAv0/mhbUb7QG8Qk/s0/,12503
f058ceced8943d29,https://lh4.googleusercontent.com/-obDEipk5am0/SMgL5C5jj9I/AAAAAAAAC1E/h_MsGW7cjsU/s1600/,12503
a64da74b5bab6460,https://lh4.googleusercontent.com/-9SLLwmNhcw4/SOrR63tOlOI/AAAAAAAABCQ/7cms2GWLaLE/rj/,12503
883ae8a17bd39ffc,http://lh6.ggpht.com/-APKUvnxl_7w/RrFGr44Nc5I/AAAAAAAAEVE/WuQr9d9wKpA/s1600/,12503
b6829319753f6df4,http://lh6.ggpht.com/-NfmTsq5PG18/RyY69AArDHI/AAAAAAAAAuk/7MaawLWpyx4/s1600/,12503
e27c46917a5545d0,https://lh3.googleusercontent.com/-x62Or1q97tM/UGkm4Yg4gTI/AAAAAAAAd-M/L8TvxLf18NA/s1600/,12503
ea69c3c20a8ea5aa,http://lh3.ggpht.com/-WC2GUKzZiP8/SCEm4RSsH6I/AAAAAAAADkM/8WG-HUBmXak/s1600/,12503
417be6c987c5f511,https://lh4.googleusercontent.com/-Zsjp3u_oALE/ST1yloQM7gI/AAAAAAAABXQ/JPHtFnNPo4U/rj/,12503
ffe89b4904967592,https://lh4.googleusercontent.com/-qYqMrGoS7zs/SsjzGjplgII/AAAAAAAAEa4/Yrq2FbCcCms/s1600/,12503
c971e5bfa114ee98,http://lh4.ggpht.com/-PwhaJeb__hQ/RwHGaymDhoI/AAAAAAAABEg/q9aBP60je7M/s1600/,12503
daef19d6e94ccb26,https://lh6.googleusercontent.com/-Y4c6BPyOWmk/TpIEacsm36I/AAAAAAAABes/trcExmr6C00/s1600/,12503
e56e72af30d37941,http://lh4.ggpht.com/-twNHF9Low-Y/StLo464KkWI/AAAAAAAAAwI/ynuIMAq1mz0/s1600/,12503
dadb48c7d76298a3,http://lh5.ggpht.com/-U7dIcDfZ3x0/TDjyZC1kSdI/AAAAAAAAAck/tk2Ja8AydH0/s1600/,12503
09d60b26e5577180,https://lh4.googleusercontent.com/-bRUMk8awSvc/SOrSVtzvbfI/AAAAAAAABDM/AHgtHb0SvdA/rj/,12503
7d1286226adec8aa,https://lh5.googleusercontent.com/-GetIW9NyZrA/UYiT1sEGEdI/AAAAAAAAAto/suDzLUgP7bc/s1600/,12503
94b6078d33ac5362,https://lh3.googleusercontent.com/-SCdzdLJiGHM/UKEa81p23mI/AAAAAAAAgz0/WCmGkXktJmo/s1600/,12503
7b2ff3185e0d0d96,https://lh6.googleusercontent.com/-IC8MYnArfgo/TS4dJI7zjtI/AAAAAAAABfg/wM9ifvhUINc/rj/,12503
aaa485c8f78d6892,https://lh6.googleusercontent.com/-Gh3eBzx2s1Q/THK8Mpzl3NI/AAAAAAAAAFo/KyqSQbBzZVk/s1600/,12503
76d8b0002abd6b8c,https://lh5.googleusercontent.com/-BIS6h29YM0Y/S2oaopcsiXI/AAAAAAAAH3Y/uD1dH_MV5GU/rj/,12503
f34d32f2210acc74,http://lh4.ggpht.com/-aIEGDWJw9Xo/SUWkM3IPOVI/AAAAAAAADGU/IWOsQXdtJHg/s1600/,12503
24d3421d557973a7,https://lh6.googleusercontent.com/-64ao_Z_2XWc/Th2CxvsequI/AAAAAAACGJ8/1cRDkSLmJV8/s1600/,12503
0822b441c5b405f6,https://lh6.googleusercontent.com/-rAt4RL_7Gkg/UkGj0_6N2xI/AAAAAAAAAW4/bsLZLj93KRk/s1600/,12503
24e25ba72391a769,https://lh6.googleusercontent.com/-sVWZ_1QSHj8/Urn3_Jd0aXI/AAAAAAAABKs/8CJkb22Vhn0/rj/,12503
35a3e23bea24e24b,http://lh3.ggpht.com/-PxdxXxBU2fY/RwFFLfkI5-I/AAAAAAAABrk/9AGt8YHnFr8/s1600/,12503
91061b00842c4cb0,http://mw2.google.com/mw-panoramio/photos/medium/25457362.jpg,12503
b04e273ab29527fc,https://lh4.googleusercontent.com/-rqyUeGHogYI/TBV4CE-mMOI/AAAAAAAAADg/0FLDaJPtmjg/s1600/,12503
14d1b2fd6186d9a7,http://lh4.ggpht.com/-v1Xt_9-uGO4/SxNoQGZcI9I/AAAAAAAAN_4/GggznNA6kTg/s1600/,12503
7130fbc9a5c13b5e,http://lh4.ggpht.com/-k9zykPTgCWc/Ryn9Y1UXdaI/AAAAAAAAALk/ZKgza3AZDfE/s1600/,12503
2d0a8e764d8688d6,https://lh6.googleusercontent.com/-SWXXT_X4dwU/TqnLVFGMrpI/AAAAAAAAL2c/J6MOLdX7fRw/s288/,12503
50d20ac0bf43b4ba,https://lh4.googleusercontent.com/-A2_NkFASc3M/Rrzw8tbZPnI/AAAAAAAAArg/7AQcVEtTsZM/s1600/,12503
882397c00c9c2019,http://lh3.ggpht.com/-ezGvyNxTaFg/SwAkQD7y4OI/AAAAAAAAAGw/KWFzB8MnqKk/s1600/,12503
4c3f4cbe08336ca8,https://lh3.googleusercontent.com/-S7qry1uTXNw/UWnTElCrLqI/AAAAAAADC7E/N3mTFHibr2c/s1600/,12503
b4656c110b384c0f,https://lh5.googleusercontent.com/-cKN_8CXoAvM/SJhmip-ilfI/AAAAAAAAATQ/fGIUrw82oeE/s1600/,12503
02b69e2c8f01f9fe,https://lh3.googleusercontent.com/-6OOhbaLsI4M/Thu-R0y4Q9I/AAAAAAAAAdo/p6woivDmYhk/s1600/,12503
814734054a0d77be,http://lh3.ggpht.com/-3L2GB6D9woY/SOmS2vIcRGE/AAAAAAAACwo/IsUzsfiQLyU/s144-c/,12503
d7b5de4a733dbb55,http://mw2.google.com/mw-panoramio/photos/medium/24753499.jpg,12503
b49670f8495cf738,https://lh3.googleusercontent.com/-_1M6noJflF8/Un8DYtlBBZI/AAAAAAAAAaA/Tm3LCjENxGk/s1600/,12503
a1ee99e5b14b785b,http://lh3.ggpht.com/-84pnS7YDnjg/R6SeA98TG5I/AAAAAAAAEDU/YVXkpMTHyyM/s1600/,12503
6351169afeab1a9c,http://lh5.ggpht.com/-ZGUw-poL4aI/SO5wNri0zHI/AAAAAAAAAH0/cWVk8GjMcr0/s1600/,12503
4023aef650e04d69,https://lh4.googleusercontent.com/-n4tsD5AoqOw/UiWaAz9H_pI/AAAAAAAACLM/Z9jFEL_Vr20/s1600/,12503
0fc7a4e8939ee806,http://lh6.ggpht.com/-tjniZcukHeg/Tna3-P_rPFI/AAAAAAAAD14/k-gtjz5oOJk/s1600/,12503
26cb0cafe611e397,https://lh3.googleusercontent.com/-GWZoWiQTn8Q/Umb9k8JZiZI/AAAAAAAAAA8/zHsNh2AiRPI/s0-d/,12503
16a77089578659a5,http://lh3.ggpht.com/-RLznWZEAFOE/TsC-RbcZc_I/AAAAAAAAcng/YXBARvOCkZQ/s1600/,12503
6bf751549e482bf6,https://lh4.googleusercontent.com/-lRt3X6LcxY0/R2XWB4Wf7fI/AAAAAAAATlk/8_ee6Q42vwk/rj/,12503
a9d7463e887793a7,https://lh5.googleusercontent.com/-w4lw-ITLvwI/SqcZNDKpQeI/AAAAAAAAAfo/GlMH4TpeKrE/rj/,12503
6b4e91b6ccfdade2,https://lh5.googleusercontent.com/-kVNM1lTjA6E/TR1rVFl_RCI/AAAAAAAABwo/LGHsVdtPV9Q/rj/,12503
69fc09000a361820,http://lh5.ggpht.com/-IOuPntelNLk/SsltNmmR40I/AAAAAAAABvo/itjr695q2IU/s1600/,12503
2f8a0da1fb762f3e,https://lh3.googleusercontent.com/-OvCdJlB66XU/Ssl0h2OSFYI/AAAAAAAAAEE/IM0hiAQk0LA/s1600/,12503
54a67fc118825c0e,http://lh3.ggpht.com/-GV0R4_QWemY/SPC-sLiGiBI/AAAAAAAABmo/mlwuQj2d59Y/s1600/,12503
c4d54f6f884164d9,http://lh4.ggpht.com/-OMQUikpkZ8k/Sw_90-Y1WfI/AAAAAAAALHw/Jql1f_sVwSc/s1600/,12503
a9e1f639fd978d22,http://lh3.ggpht.com/-X6IHPTWwfaU/Szhd-3Sz9II/AAAAAAAABRw/QjuHCUZla20/s1600/,12503
9142e4a5c264f564,http://lh6.ggpht.com/-CYW__ms5vKA/SsWL-3sh5CI/AAAAAAAAAag/2EyPiQ6qwVs/s1600/,12503
5f967c81bc22c698,http://lh6.ggpht.com/-q4hZpC42YJY/SsWN6zj5RDI/AAAAAAAAAeA/ECuD-5eQrAM/s1600/,12503
4c4627a134068626,https://lh5.googleusercontent.com/-hVyJqPOzwSQ/TKEs4AZYvyI/AAAAAAAAIB0/5tANxf6wFLg/rj/,12503
113655016d2d3528,https://lh3.googleusercontent.com/-hjr8vpkl9XU/UduPO0LYcbI/AAAAAAAAHEk/JcXuLoG_wVw/s1600/,12503
dfb8bd69744e18fd,http://lh3.ggpht.com/-4A1pPCe_DvM/SsFr37kqwgI/AAAAAAAACe4/wISkAQsXSck/s1600/,12503
e7e3eb673f37d410,http://lh3.ggpht.com/-mYl8-7RtPIQ/SQkZw_mqJ9I/AAAAAAAABYo/AUmUjRyzcig/s1600/,12503
eac3db461d2d73b9,https://lh6.googleusercontent.com/-A33_gNDOBaI/Ts2rRm4mjrI/AAAAAAAAJeg/tA7UnLLHF9Y/s1600/,12503
6404f0877d9b0b36,http://lh3.ggpht.com/-NW-7q3MYtSE/TI52l31xiVI/AAAAAAAAAyk/ErFH8Z06Bmo/s1600/,12503
6f2a71dda6818799,http://lh4.ggpht.com/-g-IF1GrYj0c/TzrijFjt_LI/AAAAAAAAZN0/QzKrDmLbkl4/s1600/,12503
e45fc47642e0371c,http://lh3.ggpht.com/-AmoGnFW1ZAU/Txr3JMxY0uI/AAAAAAAAoAk/Phi98SlVkSw/s1600/,12503
09880f03681ea346,https://lh4.googleusercontent.com/-x_-eYZyL3FQ/UiWZ_4BfGpI/AAAAAAAACLE/HqDhI10uj9Y/s1600/,12503
b1a0947e639c16d0,http://lh3.ggpht.com/-cN6oPhHCRZ4/SOrnmreqdMI/AAAAAAAAAXI/v4-Z1KtXe3U/s1600/,12503
9d78939c83719d50,https://lh6.googleusercontent.com/-EJ6UVGkxa8o/SrfOpWZ9-0I/AAAAAAAAA8Y/qDcYdnjW2BU/s1600/,12503
b919dd5f6b0e57c8,https://lh4.googleusercontent.com/-J_VziXD3QdA/TM14JOwmMGI/AAAAAAAARuU/8OVtzHsxKIk/rj/,12503
6adcaccc91c588ea,http://lh6.ggpht.com/-aK5Qqj9ka0U/SVhYe32G_GI/AAAAAAAAGNY/wgR7s9wZ6yg/s1600/,12503
703f483916f8add4,https://lh3.googleusercontent.com/-pMRQqQq708A/R2Gc5M8hyWI/AAAAAAAAAQo/W1cgNPTwPKk/s1600/,12503
7b599667ef4ef933,http://lh5.ggpht.com/-D6mFV2yl_pM/Srfo5dWEq1I/AAAAAAAACU4/4PCSA2WEJS8/s1600/,12503
f1e4d4b1ecbd5154,https://lh3.googleusercontent.com/-ioQwg2dZEIA/TGBOJ4L7JuI/AAAAAAAAHjw/UlusBte9e8o/s1600/,12503
